"Study Name","dbGaP Study Accession","Study Population Focus","Estimated Cohort Size","Study Domain","Study Design","Data Collection Method","NIH Institute / Center","RADx Data Program","Has Data Files"
"2183 SARS-CoV-2 Rapid Antigen Test","phs002682","N/A","488","Rapid Diagnostic Test (RDT); Medical Device or Tool Development; Point-of-Care (POC) Testing","Device Validation","Antigen Testing Device; Survey","NIBIB","RADx Tech","Yes"
"A Community Health Worker Intervention to Identify and Decrease Barriers to Pre-Procedural COVID-19 Testing Among Los Angeles County Department of Health Safety-Net Patients","phs002920","Adults; Hispanics or Latinos; Racial or Ethnic Minorities; African Americans; Underserved or Vulnerable Populations; Older Adults or Elderly","128","Pandemic Perceptions or Decision-Making; Testing Rate or Uptake; Virological Testing; Vaccination Rate or Uptake","Longitudinal Cohort","Interview or Focus Group; Survey","NLM","RADx-UP","Yes"
"A Community-Led Approach to Enhance COVID-19 Testing Among Vulnerable Latinos","phs002660","Older Adults or Elderly; Adults; Hispanics or Latinos","4312","Social Determinants of Health; Diagnostic Testing","Longitudinal Cohort","Interview or Focus Group; Survey","NIDA","RADx-UP","Yes"
"A Confectionary-Based Screening Tool for Assessing Chemosensory Loss in COVID-19 Patients","phs002642","Adults","2750","Medical Device or Tool Development; Rapid Diagnostic Test (RDT)","Longitudinal Cohort","Chemosensory Testing Device","NIDCD","RADx-rad","No"
"A Data Science Approach to Identify and Manage Multisystem Inflammatory Syndrome in Children (MIS-C) Associated with SARS-CoV-2 Infection and Kawasaki Disease in Pediatric Patients","phs002945","Children","900","Artificial Intelligence or Machine Learning; Multisystem Inflammatory Syndrome in Children (MIS-C); Multisystem Inflammatory Syndrome (MIS)","Cross-Sectional","Disease Registry","NICHD","RADx-rad","No"
"A Dynamic COVID-19 Community-Engaged Testing Strategy in Alabama (COVID COMET AL)","phs002871","Adults; Older Adults or Elderly; Children; Rural Communities; Underserved or Vulnerable Populations; Incarcerated or Institutionalized Populations","35000","Social Determinants of Health","Cross-Sectional","Survey; Molecular Nucleic Acid or PCR Testing Device; Interview or Focus Group","NIAID","RADx-UP","Yes"
"A Handheld Microchip for GC Analysis of Breath to Screen for COVID-19","phs002563","N/A","200","Medical Device or Tool Development; Novel Biosensing or VOC; Artificial Intelligence or Machine Learning; Rapid Diagnostic Test (RDT); Virological Testing","Longitudinal Cohort","Breath Analysis or Airborne Detection Device","NCATS","RADx-rad","No"
"A Multimodal Platform for Oral Screening of COVID-19","phs002570","N/A","23","Novel Biosensing or VOC; Multimodal Surveillance; Rapid Diagnostic Test (RDT); Medical Device or Tool Development; Virological Testing","Device Verification","Electrochemical Testing Device","NIDCR","RADx-rad","No"
"A Nurse-Community Health Worker-Family Partnership Model: Addressing Uptake of COVID-19 Testing and Control Measures","phs002906","Racial or Ethnic Minorities; Adults; Underserved or Vulnerable Populations; Older Adults or Elderly; Hispanics or Latinos; African Americans; Lower Socioeconomic Status (SES) Populations","810","Diagnostic Testing; Social Determinants of Health; Community Outreach Programs; Testing Rate or Uptake","Case-Control","Survey","NIDA","RADx-UP","Yes"
"A Rapid Breathalyzer Diagnostics Platform for COVID-19","phs002583","Adults","500","Medical Device or Tool Development; Novel Biosensing or VOC; Rapid Diagnostic Test (RDT); Virological Testing","Device Verification","Antigen Testing Device; Breath Analysis or Airborne Detection Device","NHLBI","RADx-rad","No"
"A Rapid Saliva Antigen Test for SARs-CoV-2 Detection","phs002689","N/A","60","Rapid Diagnostic Test (RDT); Medical Device or Tool Development; Novel Biosensing or VOC","Longitudinal Cohort","Antigen Testing Device","NHLBI","RADx-rad","Yes"
"A Rapid, Sensitive, Point-of-Care, Antigen-Based Diagnostics for SARS-CoV-2","phs002561","N/A","200","Novel Biosensing or VOC; Rapid Diagnostic Test (RDT); Medical Device or Tool Development","Device Validation","Antigen Testing Device","NHLBI","RADx-rad","No"
"A SARS-CoV-2 Breathalyzer for Direct Virus Detection","phs002572","N/A","0","Medical Device or Tool Development; Multimodal Surveillance; Novel Biosensing or VOC; Virological Testing","Device Validation","Unspecified COVID Testing Device","NIDCR","RADx-rad","No"
"A Scalable Aptamer-Based Electrochemical Biosensor for Rapid Detection of SARS-CoV-2 from Saliva","phs002702","N/A","0","Medical Device or Tool Development; Novel Biosensing or VOC; Virological Testing","Device Verification","Unspecified COVID Testing Device","NIDCR","RADx-rad","No"
"AFS/SERS Saliva-Based SARS-CoV-2 Earliest Infection and Antibodies Detection","phs002544","N/A","90","Virological Testing; Medical Device or Tool Development","Device Validation","Molecular Nucleic Acid or PCR Testing Device","NCATS","RADx-rad","No"
"AICORE-kids: Artificial Intelligence COVID-19 Risk AssEssment for kids","phs002585","Children","7200","Artificial Intelligence or Machine Learning; Social Determinants of Health","Longitudinal Cohort","Real-World Data","NICHD","RADx-rad","No"
"Accurate, Sensitive and Affordable POC and At Home Testing Device","phs002737","Adults; Children; Older Adults or Elderly","285","Point-of-Care (POC) Testing; Medical Device or Tool Development","Device Validation","Survey; Molecular Nucleic Acid or PCR Testing Device; Smartphone","NHLBI","RADx Tech","Yes"
"Adapting Community-Based Task-Shifting for the COVID-19 Response Among Underserved Populations in Piedmont, North Carolina (ACT UP)","phs002581","African Americans; Essential Workers; Rural Communities; Immigrants; Older Adults or Elderly; Adults; Underserved or Vulnerable Populations; Racial or Ethnic Minorities; Hispanics or Latinos","1050","Virological Testing; Community Outreach Programs; Vaccination Rate or Uptake; Testing Rate or Uptake","Longitudinal Cohort","Interview or Focus Group; Survey","NIAID","RADx-UP","Yes"
"Addressing COVID-19 Testing Disparities in Vulnerable Populations Using a Community JITAI (Just in Time Adaptive Intervention) Approach-A UTHealth CTSA Program","phs002761","Older Adults or Elderly; Underserved or Vulnerable Populations; Adults; Homeless or Unhoused Populations; Hispanics or Latinos; African Americans; Racial or Ethnic Minorities","980","COVID Hotspots; Community Outreach Programs; COVID Testing Deserts; Virological Testing; Comorbidities; Testing Rate or Uptake","Cross-Sectional","Survey","NCATS","RADx-UP","Yes"
"Addressing COVID-19 Testing Disparities in Vulnerable Populations Using a Community JITAI (Just in Time Adaptive Intervention) Approach: RADx-UP Phase III","phs003687","Older Adults or Elderly; Underserved or Vulnerable Populations; Hispanics or Latinos; African Americans; Adults; Rural Communities","525","Community Outreach Programs; Disease Surveillance; Social Determinants of Health","Interventional or Clinical Trial","Survey","NCATS","RADx-UP","No"
"Addressing Low-Income Housing Resident Mistrust in COVID-19 Guidance","phs002743","Adults; Lower Socioeconomic Status (SES) Populations; Older Adults or Elderly","200","Testing Rate or Uptake; Vaccination Rate or Uptake; Social Determinants of Health; Pandemic Perceptions or Decision-Making","Longitudinal Cohort","Survey; Interview or Focus Group","NCI","RADx-UP","No"
"Alive Church Network: Increasing COVID-19 Testing in Chicago's African American Testing Deserts","phs002645","Older Adults or Elderly; African Americans; Underserved or Vulnerable Populations; Children; Adults","5000","Community Outreach Programs; Rapid Diagnostic Test (RDT); Testing Rate or Uptake","Time-Series","Molecular Nucleic Acid or PCR Testing Device; Survey","NINR","RADx-UP","Yes"
"Assessing Testing Strategies for Safe Return to K-12 Schools in an Underserved Population","phs002759","Children; School Communities; Children; Adults; Older Adults or Elderly; Underserved or Vulnerable Populations; African Americans","5000","COVID in School Settings; Social Determinants of Health; Pandemic Perceptions or Decision-Making; Screening Testing","Case-Control","Molecular Nucleic Acid or PCR Testing Device; Interview or Focus Group; Survey","NICHD","RADx-UP","Yes"
"Assessing Vaccine Hesitancy and a Pharmacist Led Intervention Model to Increase COVID-19 Vaccine Uptake Among African Americans","phs002875","Adults; Older Adults or Elderly; Essential Workers; Underserved or Vulnerable Populations; African Americans","487","Pandemic Perceptions or Decision-Making; Vaccination Rate or Uptake; Health Behaviors","Longitudinal Cohort","Survey; Interview or Focus Group","NIMHD","RADx-UP","Yes"
"Back to ECE Safely with SAGE: Reducing COVID-19 Transmission in Hispanic and Low-Income Preschoolers","phs002661","School Communities; Hispanics or Latinos; Children","627","COVID in School Settings","Longitudinal Cohort","Survey","NICHD","RADx-UP","Yes"
"Bioinformatics Framework for Wastewater-based Surveillance of Infectious Diseases","phs002527","N/A","0","Wastewater Surveillance; Next Generation Sequencing (NGS); Screening Testing","Observational","Wastewater Sampling","NLM","RADx-rad","No"
"Bridging the Evidence-to-Practice Gap: Evaluating Practice Facilitation as a Strategy to Accelerate Translation of a Systems-Level Adherence Intervention into Safety Net Practices/Project Evidence","phs002616","Older Adults or Elderly; Adults; Hispanics or Latinos; Lower Socioeconomic Status (SES) Populations; Racial or Ethnic Minorities; African Americans","500","Health Behaviors; Testing Rate or Uptake; Social Determinants of Health; Vaccination Rate or Uptake; Pandemic Perceptions or Decision-Making","Cross-Sectional","Interview or Focus Group; Molecular Nucleic Acid or PCR Testing Device; Survey","NIMHD","RADx-UP","Yes"
"Broad-Spectrum Detection of VOC and Non-VOC Biomarkers from Patient Exhalant Using a Biomimetic Multiplexed eNose Biosensor for COVID-19 Diagnosis","phs002924","Adults","50","Biosensor Technologies; Artificial Intelligence or Machine Learning; Virological Testing; Novel Biosensing or VOC","Longitudinal Cohort","Breath Analysis or Airborne Detection Device","NHLBI","RADx-rad","No"
"C2SPARC: Implementing Mobile, POC COVID-19 Testing in Partnership with a Community-Based Organization to Reach Women Who Use Drugs","phs003123","Underserved or Vulnerable Populations; Lower Socioeconomic Status (SES) Populations; Older Adults or Elderly; Adults","500","Substance Use; Social Determinants of Health; Mobile Unit Testing; Rapid Diagnostic Test (RDT); Testing Rate or Uptake; Point-of-Care (POC) Testing","Longitudinal Cohort","Survey; Interview or Focus Group; Antigen Testing Device","NIDA","RADx-UP","Yes"
"CO-CREATE-Ex: Community-engaged Optimization of COVID-19 Rapid Evaluation And  TEsting Experiences","phs003686","Children; Immigrants; Older Adults or Elderly; Adults; Hispanics or Latinos; Underserved or Vulnerable Populations","7500","Community Outreach Programs; At-Home or Over-the-Counter (OTC) Self-Testing; Testing Rate or Uptake; Diagnostic Testing","Longitudinal Cohort","Survey","NIMHD","RADx-UP","No"
"COVID Self-Testing Through Rapid Network Distribution (C-STRAND)","phs002760","Adults; Older Adults or Elderly; Asians; Hispanics or Latinos; Lower Socioeconomic Status (SES) Populations; African Americans; Racial or Ethnic Minorities; People Living with HIV/AIDS; Immigrants; Homeless or Unhoused Populations","1000","Substance Use; Comorbidities; Community Outreach Programs; At-Home or Over-the-Counter (OTC) Self-Testing; Testing Rate or Uptake","Interventional or Clinical Trial","Survey; Interview or Focus Group; Antigen Testing Device","NHLBI","RADx-UP","Yes"
"COVID-19 Detection through Scent Analysis with a Compact Gas Chromatography Device","phs002747","N/A","760","Novel Biosensing or VOC; Virological Testing; Medical Device or Tool Development","Case-Control","Breath Analysis or Airborne Detection Device","NCATS","RADx-rad","No"
"COVID-19 Experience Study (C19EX) Survey","phs002537","Adults","36561","Digital Health Applications; Artificial Intelligence or Machine Learning; Biosensor Technologies","Longitudinal Cohort","Survey","NCI","RADx DHT","No"
"COVID-19 Large Network Center","phs002643","Underserved or Vulnerable Populations; Adults; Older Adults or Elderly; Racial or Ethnic Minorities","2000","Social Determinants of Health; Testing Rate or Uptake; Community Outreach Programs","Longitudinal Cohort","Contact Tracing; Survey","NCATS","RADx-UP","Yes"
"COVID-19 Network of Networks Expanding Clinical and Translational Approaches to Predict Severe Illness in Children (CONNECT to Predict SIck Children)","phs002569","Children; Underserved or Vulnerable Populations","120","Artificial Intelligence or Machine Learning","Case-Control","Survey","NICHD","RADx-rad","No"
"COVID-19 Test At Home Efficacy Sub-Study","phs003026","Adults; Older Adults or Elderly","200","At-Home or Over-the-Counter (OTC) Self-Testing; Medical Device or Tool Development","Longitudinal Cohort","Antigen Testing Device; Smartphone; Molecular Nucleic Acid or PCR Testing Device","NHLBI","RADx Tech","Yes"
"COVID-19 Test At Home Feasibility Sub-Study","phs002739","Older Adults or Elderly; Adults","206","At-Home or Over-the-Counter (OTC) Self-Testing; Digital Health Applications; Rapid Diagnostic Test (RDT); Medical Device or Tool Development; Virological Testing","Longitudinal Cohort","Smartphone; Antigen Testing Device","NHLBI","RADx Tech","Yes"
"COVID-19 Testing and Linkage to Care with African American Church and Health Agency Partners","phs002578","Adults; Racial or Ethnic Minorities; African Americans","960","Pandemic Perceptions or Decision-Making; Community Outreach Programs; Virological Testing; Testing Rate or Uptake; Health Behaviors","Interventional or Clinical Trial","Survey; Contact Tracing","NIDDK","RADx-UP","Yes"
"COVID-19 Testing and Prevention in Correctional Settings","phs003361","Underserved or Vulnerable Populations; Incarcerated or Institutionalized Populations; Adults","16445","Testing Rate or Uptake; Social Determinants of Health; Community Outreach Programs; Virological Testing; Vaccination Rate or Uptake","Mixed Methods","Survey; Contact Tracing; Interview or Focus Group","NIDA","RADx-UP","Yes"
"COVID-19 Testing and Vaccination Social Network Diffusion for Diverse Criminal Legal Involved Communities","phs003234","Underserved or Vulnerable Populations; Older Adults or Elderly; Adults; Incarcerated or Institutionalized Populations","800","Virological Testing; Vaccination Rate or Uptake; Pandemic Perceptions or Decision-Making; Health Behaviors; Testing Rate or Uptake","Interventional or Clinical Trial","Survey","NIMHD","RADx-UP","Yes"
"COVID-19 Testing in Underserved and Vulnerable Populations Receiving Care in San Diego Community Health Centers","phs002869","Hispanics or Latinos; Older Adults or Elderly; Adults; Older Adults or Elderly; Children; Underserved or Vulnerable Populations; Lower Socioeconomic Status (SES) Populations","6000","Testing Rate or Uptake; Social Determinants of Health; Influenza; Diagnostic Testing","Interventional or Clinical Trial","Survey","NCI","RADx-UP","Yes"
"COVID-19 Treatment Cascade Optimization Study","phs002634","Older Adults or Elderly; Adults; Underserved or Vulnerable Populations","670","Health Behaviors; Testing Rate or Uptake; Virological Testing","Interventional or Clinical Trial","Survey; Interview or Focus Group","NIAID; NIMHD","RADx-UP","Yes"
"COVID-19: Implementing Community-Based Approaches to Increase SARS-CoV-2 Testing Among an Underserved and Vulnerable Hispanic Population","phs002874","Adults; Hispanics or Latinos; Racial or Ethnic Minorities; Underserved or Vulnerable Populations; Rural Communities; Older Adults or Elderly","2930","Mobile Unit Testing; COVID Testing Deserts; Testing Rate or Uptake; Vaccination Rate or Uptake; Social Determinants of Health","Cross-Sectional","Survey","NIMHD","RADx-UP","Yes"
"Characterization of Multisystem Inflammatory Syndrome in Children and Its Relationship to Kawasaki Disease","phs002553","Children","250","Multisystem Inflammatory Syndrome (MIS); Multisystem Inflammatory Syndrome in Children (MIS-C); Virological Testing; Medical Device or Tool Development","Device Validation","Biobank Samples","NICHD","RADx-rad","No"
"Collaborative Community Networks to Optimize Implementation of Low Barrier COVID-19 Testing Efforts Among Diverse Latinx Populations in Northern California","phs003375","Adults; Older Adults or Elderly; Hispanics or Latinos; Children; Underserved or Vulnerable Populations; Rural Communities; Racial or Ethnic Minorities","9650","Community Outreach Programs; Testing Rate or Uptake; Virological Testing","Cross-Sectional","Molecular Nucleic Acid or PCR Testing Device; Survey","NIAID","RADx-UP","Yes"
"Communities Fighting COVID!","phs002649","Hispanics or Latinos; Adults; Racial or Ethnic Minorities; Children; Older Adults or Elderly; African Americans","15000","Testing Rate or Uptake; At-Home or Over-the-Counter (OTC) Self-Testing; Mobile Unit Testing; Community Outreach Programs","Cross-Sectional","Antigen Testing Device; Contact Tracing; Survey","NCI","RADx-UP","Yes"
"Communities Fighting COVID!: Returning Our Kids Back to School Safely","phs002878","School Communities; Adults; Older Adults or Elderly; Underserved or Vulnerable Populations; Children; Hispanics or Latinos; Racial or Ethnic Minorities; Lower Socioeconomic Status (SES) Populations","9000","COVID in School Settings; Screening Testing; Rapid Diagnostic Test (RDT); At-Home or Over-the-Counter (OTC) Self-Testing","Interventional or Clinical Trial","Antigen Testing Device; Survey","NICHD","RADx-UP","Yes"
"Community Activation to TrAnsform Local sYSTems (CATALYST)","phs003377","Essential Workers; Adults; Underserved or Vulnerable Populations; Older Adults or Elderly","400","Community Outreach Programs","Cross-Sectional","Interview or Focus Group; Survey","NIMHD","RADx-UP","No"
"Community Collaboration to Combat Coronavirus (C-FORWARD)","phs003374","Older Adults or Elderly; Children; Adults; Hispanics or Latinos; African Americans; Racial or Ethnic Minorities","2772","Testing Rate or Uptake; Virological Testing; At-Home or Over-the-Counter (OTC) Self-Testing; Mobile Unit Testing; Social Determinants of Health; Community Outreach Programs","Longitudinal Cohort","Antibody or Adaptive Immune Response Testing; Survey; Antigen Testing Device; Molecular Nucleic Acid or PCR Testing Device","NIAID","RADx-UP","Yes"
"Community Driven Approach to Mitigate COVID-19 Disparities in Hawaii's Vulnerable Populations","phs002526","Children; Adults; Native Hawaiians or Other Pacific Islanders; Underserved or Vulnerable Populations","7000","Community Outreach Programs; Vaccination Rate or Uptake; Social Determinants of Health; Rapid Diagnostic Test (RDT)","Longitudinal Cohort","Survey","NIMHD","RADx-UP","Yes"
"Community Mistrust and Measures of Institutional Trustworthiness (COMMIT)","phs003081","Older Adults or Elderly; Underserved or Vulnerable Populations; Adults","30","Community Outreach Programs; Health Behaviors; Social Determinants of Health; Pandemic Perceptions or Decision-Making","Longitudinal Cohort","Interview or Focus Group; Survey","NIMHD","RADx-UP","Yes"
"Community Network-Driven COVID-19 Testing of Vulnerable Populations in the Central US (C3)","phs002601","Incarcerated or Institutionalized Populations; Adults; Rural Communities; Underserved or Vulnerable Populations; Hispanics or Latinos; Older Adults or Elderly","2400","Health Behaviors; Community Outreach Programs; Substance Use; Virological Testing; Testing Rate or Uptake","Longitudinal Cohort","Survey","NIDA","RADx-UP","Yes"
"Community-Based COVID-19 Testing Evaluation","phs002520","Adults; Underserved or Vulnerable Populations; Hispanics or Latinos","132","Community Outreach Programs; Testing Rate or Uptake; COVID Hotspots; Social Determinants of Health","Longitudinal Cohort","Survey; Interview or Focus Group","NIMHD","RADx-UP","Yes"
"Community-Driven Optimization of COVID-19 Testing to Reach and Engage Underserved Areas for Testing Equity (CO-CREATE)","phs002708","Children; Lower Socioeconomic Status (SES) Populations; Older Adults or Elderly; Adults; Underserved or Vulnerable Populations; Pregnant or Nursing Women; African Americans","10000","Social Determinants of Health; Rapid Diagnostic Test (RDT); Medical Device or Tool Development; Community Outreach Programs","Longitudinal Cohort","Survey","NIEHS","RADx-UP","Yes"
"Community-Engaged Research on COVID-19 Testing Among Underserved and/or Vulnerable Populations","phs002651","Hispanics or Latinos; African Americans; Racial or Ethnic Minorities; Adults; Older Adults or Elderly","3034","Community Outreach Programs; Vaccination Rate or Uptake; Social Determinants of Health; Mobile Unit Testing; Testing Rate or Uptake; Pandemic Perceptions or Decision-Making","Longitudinal Cohort","Survey","NIMHD; NIDA","RADx-UP","Yes"
"Community-Engaged Research to Improve the COVID-19 Testing Cascade Among Underserved Populations in the US Caribbean Territories","phs002741","Underserved or Vulnerable Populations; Older Adults or Elderly; Children; Adults","650","Virological Testing; Diagnostic Testing; Testing Rate or Uptake","Interventional or Clinical Trial","Survey; Contact Tracing","NIMHD","RADx-UP","Yes"
"Conducting Correctional COVID Research and Implementing Novel, Ethically Sound, Sustainable Surveillance Systems (CRAINES)","phs003126","Adults; Older Adults or Elderly; Underserved or Vulnerable Populations; Incarcerated or Institutionalized Populations","40","Wastewater Surveillance","Longitudinal Cohort","Interview or Focus Group; Survey","NIDA","RADx-UP","No"
"Covidseeker and COVID-19 Citizen Science: Leveraging Citizen Science and Real-Time Geospatial Temporal Mobile Data for Digital Contact Tracing and SARS-CoV-2 Hotspotting","phs002519","Adults","40","Digital Health Applications; COVID Hotspots","Longitudinal Cohort","Smartphone; Contact Tracing","NCI","RADx DHT","No"
"Creating a Sustainable Infrastructure for SARS-CoV-2 Testing at Syringe Exchange Programs","phs002521","Underserved or Vulnerable Populations; Children; Adults; Older Adults or Elderly; People Living with HIV/AIDS; School Communities","4000","Substance Use; Testing Rate or Uptake; Community Outreach Programs; Social Determinants of Health; Vaccination Rate or Uptake","Longitudinal Cohort","Survey; Interview or Focus Group","NIDA","RADx-UP","Yes"
"DNA Star SARS-CoV-2 Rapid Test","phs002685","Adults","10","Medical Device or Tool Development; Novel Biosensing or VOC; Rapid Diagnostic Test (RDT)","Longitudinal Cohort","Antigen Testing Device","NIDCR","RADx-rad","No"
"Detection and Automatic Privacy-Protected Contact Tracing System Designed for COVID-19","phs002573","N/A","95","Virological Testing; Medical Device or Tool Development","Case-Control","Smartphone; Molecular Nucleic Acid or PCR Testing Device","NIAAA","RADx-rad","No"
"Developing Novel Strategies to Increase COVID-19 Testing Among Underserved and Vulnerable Populations in West Virginia Through Community and State Partnerships","phs002662","Racial or Ethnic Minorities; Adults; Rural Communities; African Americans; Children; Older Adults or Elderly; Underserved or Vulnerable Populations","300","Mobile Unit Testing; Comorbidities; At-Home or Over-the-Counter (OTC) Self-Testing; Substance Use","Cross-Sectional","Molecular Nucleic Acid or PCR Testing Device; Interview or Focus Group; Antigen Testing Device; Survey","NIGMS","RADx-UP","Yes"
"Developing a Realtime Monitoring System and Program to Improve COVID-19 Testing for Latinx Populations","phs002775","Older Adults or Elderly; Hispanics or Latinos; Adults","100000","Community Outreach Programs; COVID Hotspots; Testing Rate or Uptake; Social Determinants of Health; COVID Testing Deserts","Longitudinal Cohort","Interview or Focus Group; Survey","NIGMS","RADx-UP","Yes"
"Development of an Automated Diagnostic Platform for SARS-CoV-2 Monitoring in Vulnerable Areas","phs002546","N/A","100","Medical Device or Tool Development; Biosensor Technologies","Device Validation","Antibody or Adaptive Immune Response Testing; Electrochemical Testing Device","NIAAA","RADx-rad","No"
"Diagnosis of MIS-C in Febrile Children","phs002603","Children","150","Novel Biosensing or VOC; Multisystem Inflammatory Syndrome (MIS); Multisystem Inflammatory Syndrome in Children (MIS-C)","Longitudinal Cohort","Breath Analysis or Airborne Detection Device","NICHD","RADx-rad","No"
"Digital Health Solutions for COVID-19: COVID Community Action and Research Engagement (COVID-CARE)","phs002533","Adults","0","Artificial Intelligence or Machine Learning; Pandemic Perceptions or Decision-Making; Digital Health Applications; Influenza; Virological Testing","Longitudinal Cohort","Smartphone; Contact Tracing","NCI","RADx DHT","No"
"Direct Bioelectronic Detection of SARS-CoV-2 From Saliva Using Single-Molecule Field-Effect Transistor Array","phs002550","N/A","10","Medical Device or Tool Development; Novel Biosensing or VOC; Virological Testing; Point-of-Care (POC) Testing; Rapid Diagnostic Test (RDT)","Device Verification","Antigen Testing Device","NIDCR","RADx-rad","No"
"Discovery and Clinical Validation of Host Biomarkers of Disease Severity and Multi-system Inflammatory Syndrome in Children (MIS-C) and COVID-19","phs002781","Children; Adults","800","Multisystem Inflammatory Syndrome in Children (MIS-C); Medical Device or Tool Development; Diagnostic Testing; Multisystem Inflammatory Syndrome (MIS)","Longitudinal Cohort","Molecular Nucleic Acid or PCR Testing Device","NICHD","RADx-rad","No"
"Early Detection, Containment, and Management of COVID-19 in Dialysis Facilities Using Multi-Modal Data Sources","phs002657","Adults; Dialysis Patients; African Americans; Hispanics or Latinos; Underserved or Vulnerable Populations","120","Multimodal Surveillance; Artificial Intelligence or Machine Learning","Longitudinal Cohort","Real-World Data; Wearable","NIDDK","RADx-rad","No"
"Effective, Reagent-Free Detection of the Odor Signature of COVID-19 Infection Using a Nano-Enabled Sensor Array","phs002588","N/A","400","Medical Device or Tool Development; Novel Biosensing or VOC; Rapid Diagnostic Test (RDT); Virological Testing","Longitudinal Cohort","Unspecified COVID Testing Device","NCATS","RADx-rad","No"
"Empowering Schools as Community Assets to Mitigate the Adverse Impacts of COVID-19","phs003376","Native Hawaiians or Other Pacific Islanders; Adults; Rural Communities; School Communities; Older Adults or Elderly; Children; Asians","8050","Testing Rate or Uptake; COVID in School Settings; Virological Testing; Vaccination Rate or Uptake; Community Outreach Programs","Longitudinal Cohort","Survey; Antigen Testing Device; Interview or Focus Group","NICHD","RADx-UP","Yes"
"Engaging Church Health Ministries to Decrease SARS-CoV-2 Vaccine Hesitancy in Underserved Populations in Baton Rouge","phs003125","African Americans; Lower Socioeconomic Status (SES) Populations; Older Adults or Elderly; Adults; Underserved or Vulnerable Populations; Racial or Ethnic Minorities","98","Social Determinants of Health; Vaccination Rate or Uptake; Virological Testing; Testing Rate or Uptake; Pandemic Perceptions or Decision-Making; Community Outreach Programs","Longitudinal Cohort","Unspecified COVID Testing Device; Interview or Focus Group; Survey","NIGMS","RADx-UP","No"
"Enhancing SARS-CoV-2 Rapid Testing Acceptance in Latinx Communities","phs003514","Underserved or Vulnerable Populations; Older Adults or Elderly; Adults","400","Pandemic Perceptions or Decision-Making; Social Determinants of Health; Rapid Diagnostic Test (RDT); Vaccination Rate or Uptake; Testing Rate or Uptake","Interventional or Clinical Trial","Survey; Molecular Nucleic Acid or PCR Testing Device","NIMHD","RADx-UP","Yes"
"Epidemiologic Intelligence Network (EpI-Net) to Promote COVID-19 Testing and Prevention Practices Among Socially Vulnerable Communities in Puerto Rico","phs002745","Hispanics or Latinos; Underserved or Vulnerable Populations; Older Adults or Elderly; Adults; Lower Socioeconomic Status (SES) Populations","1800","Testing Rate or Uptake; Disease Surveillance; Community Outreach Programs; Virological Testing","Longitudinal Cohort","Survey; Molecular Nucleic Acid or PCR Testing Device; Interview or Focus Group","NIMHD","RADx-UP","Yes"
"Ethno-epidemiology of Hepatitis C (HCV), HIV and Overdose associated with Drug Markets and Drug Tourism","phs002821","Hispanics or Latinos; Adults; Underserved or Vulnerable Populations; People Living with HIV/AIDS; Older Adults or Elderly","400","Substance Use; Health Behaviors","Longitudinal Cohort","Survey","NIDA","RADx-UP","Yes"
"Evidence-based Interventions - Individual, Community, and Structural Factors That Predict Lower Rates of COVID-19 Screening Testing in Underserved and Vulnerable Populations","phs003057","Underserved or Vulnerable Populations; Adults; Rural Communities; Older Adults or Elderly; Lower Socioeconomic Status (SES) Populations","200","Comorbidities; Community Outreach Programs; Testing Rate or Uptake; Social Determinants of Health; Screening Testing; Virological Testing","Interventional or Clinical Trial","Survey; Interview or Focus Group","NCI","RADx-UP","No"
"Exosome-Based Non-Traditional Technologies Towards Multi-Parametric and Integrated Approaches for SARS-CoV-2","phs003124","N/A","0","Rapid Diagnostic Test (RDT); At-Home or Over-the-Counter (OTC) Self-Testing; Digital Health Applications; Medical Device or Tool Development","Longitudinal Cohort","Biobank Samples","NCATS","RADx-rad","No"
"Exploring Barriers and Facilitators to Women Who Use Drugs (WWUD) Awareness, Acceptance and Uptake of COVID-19 Testing (The CARE Study)","phs002720","Older Adults or Elderly; Adults; People Living with HIV/AIDS; Underserved or Vulnerable Populations; Racial or Ethnic Minorities; African Americans","250","At-Home or Over-the-Counter (OTC) Self-Testing; Testing Rate or Uptake; Rapid Diagnostic Test (RDT); Social Determinants of Health; Mental Health; Substance Use","Longitudinal Cohort","Antigen Testing Device; Interview or Focus Group; Survey","NIDA","RADx-UP","Yes"
"Faithful Response II: COVID-19 Rapid Test-to-Treat with African American Churches","phs003595","Underserved or Vulnerable Populations; African Americans; Adults; Racial or Ethnic Minorities","900","Testing Rate or Uptake; At-Home or Over-the-Counter (OTC) Self-Testing; Rapid Diagnostic Test (RDT); Diagnostic Testing; Comorbidities; Community Outreach Programs","Longitudinal Cohort","Survey","NIMHD","RADx-UP","No"
"Getting Asian Americans INFORMED To Facilitate COVID-19 Testing and Vaccination","phs002776","Older Adults or Elderly; Adults; Asians","240","Vaccination Rate or Uptake; Social Determinants of Health; Testing Rate or Uptake; Pandemic Perceptions or Decision-Making","Case-Control","Survey; Interview or Focus Group","NIDA","RADx-UP","Yes"
"ILI Labels and Longitudinal Novel Engagement with Symptom Surveillance (ILLNESS) Study","phs002538","Adults","45000","Digital Health Applications; Artificial Intelligence or Machine Learning; Biosensor Technologies","Longitudinal Cohort","Wearable","NCI","RADx DHT","No"
"Identifying Biomarker Signatures of Prognostic Value for Multisystem Inflammatory Syndrome in Children (MIS-C)","phs002609","Children","660","Multisystem Inflammatory Syndrome in Children (MIS-C); Multisystem Inflammatory Syndrome (MIS)","Case-Control","Molecular Nucleic Acid or PCR Testing Device","NICHD","RADx-rad","No"
"Identifying COVID-19 Vaccine Deserts Using Machine Learning and Geospatial Analyses to Target Community-Engaged Testing for Vulnerable Rural Populations to Prevent Localized Outbreaks","phs003049","Adults; Lower Socioeconomic Status (SES) Populations; Rural Communities; Underserved or Vulnerable Populations; Children; Older Adults or Elderly","300","Community Outreach Programs; Artificial Intelligence or Machine Learning; Comorbidities; Testing Rate or Uptake; Social Determinants of Health; Vaccination Rate or Uptake; Virological Testing; COVID Testing Deserts","Longitudinal Cohort","Molecular Nucleic Acid or PCR Testing Device; Survey","NIMHD","RADx-UP","Yes"
"Identifying and Addressing Critical Social, Ethical, and Behavioral Factors Associated with COVID-19 Testing and Vaccination Among Spanish Speakers","phs002946","Racial or Ethnic Minorities; Hispanics or Latinos; Older Adults or Elderly; Essential Workers; Adults; Underserved or Vulnerable Populations","290","Vaccination Rate or Uptake; Testing Rate or Uptake; Diagnostic Testing; Social Determinants of Health; Community Outreach Programs","Interventional or Clinical Trial","Survey; Interview or Focus Group","NIMHD","RADx-UP","Yes"
"Impact of COVID-19 Testing and Mitigation on Equitable Return-to-School in the Second Largest U.S. School District","phs003515","Racial or Ethnic Minorities; Adults; School Communities; Lower Socioeconomic Status (SES) Populations; Children","30","Social Determinants of Health; Disease Surveillance; Pandemic Perceptions or Decision-Making; COVID in School Settings","Observational","Survey","NICHD","RADx-UP","Yes"
"Implementation Science Center in Cancer Control Equity: A Competitive Revision to Accelerate COVID Testing in Vulnerable Communities - Project 08","phs002872","Homeless or Unhoused Populations; Lower Socioeconomic Status (SES) Populations; Older Adults or Elderly; Adults; Children; Racial or Ethnic Minorities; Essential Workers; Underserved or Vulnerable Populations","125000","Diagnostic Testing; Community Outreach Programs; Substance Use; Testing Rate or Uptake; COVID Hotspots","Longitudinal Cohort","Survey; Contact Tracing","NCI","RADx-UP","Yes"
"Improved Scalability, Sensitivity, and Interpretability of Pathogen Detection, Including SARS-CoV-2, in Wastewater using High-Throughput, Highly Multiplexed Digital Array PCR Technology","phs002729","N/A","20","Virological Testing; Medical Device or Tool Development; Wastewater Surveillance","Longitudinal Cohort","Wastewater Sampling","NIDA","RADx-rad","No"
"Improving Testing for COVID-19 in Skilled Nursing Facilities: IMPACT-C","phs003050","Older Adults or Elderly; African Americans; Essential Workers; Adults; Hispanics or Latinos","4900","Pandemic Perceptions or Decision-Making; Testing Rate or Uptake; Virological Testing; Vaccination Rate or Uptake","Cross-Sectional","Survey","NIA","RADx-UP","Yes"
"Improving the Response of Local Urban and Rural Communities to Disparities in COVID-19 Testing","phs002619","Adults; Rural Communities; Underserved or Vulnerable Populations; Older Adults or Elderly","3000","Mobile Unit Testing; Testing Rate or Uptake; Community Outreach Programs; At-Home or Over-the-Counter (OTC) Self-Testing","Longitudinal Cohort","Interview or Focus Group; Survey; Antigen Testing Device","NCATS","RADx-UP","Yes"
"Increasing COVID-19 Vaccine Uptake Through a Patient Navigation Intervention Among Underserved Populations","phs003544","Adults; Underserved or Vulnerable Populations","0","At-Home or Over-the-Counter (OTC) Self-Testing; Pandemic Perceptions or Decision-Making; Health Behaviors; Influenza; Vaccination Rate or Uptake; Mobile Unit Testing; Community Outreach Programs","Observational","Survey","NCI","RADx-UP","No"
"Increasing Representation of Black Communities in COVID-19 Home Testing and Surveillance Data","phs003484","Adults; Older Adults or Elderly; Racial or Ethnic Minorities; African Americans","800","At-Home or Over-the-Counter (OTC) Self-Testing; Pandemic Perceptions or Decision-Making; Testing Rate or Uptake; Rapid Diagnostic Test (RDT); Virological Testing; Social Determinants of Health","Longitudinal Cohort","Antigen Testing Device; Survey; Molecular Nucleic Acid or PCR Testing Device; Interview or Focus Group","NIMHD","RADx-UP","Yes"
"Increasing Representation of Black Communities in SARS-CoV-2 Serosurveys by Understanding Barriers and Motivations for Participation (Represent ATL)","phs002608","Older Adults or Elderly; Children; African Americans; Adults","2050","Social Determinants of Health; Pandemic Perceptions or Decision-Making; Testing Rate or Uptake; Serological or Antibody Testing","Mixed Methods","Interview or Focus Group; Survey","NIDA","RADx-UP","Yes"
"Investigating the Effectiveness of COVID-19 Testing Choices, Community Engagement, and Culturally-Embedded mHealth Literacy Delivery in a Medically-Underserved, Community-Based Sample","phs002763","Adults; Older Adults or Elderly; Lower Socioeconomic Status (SES) Populations; Children; Underserved or Vulnerable Populations","7000","Testing Rate or Uptake; At-Home or Over-the-Counter (OTC) Self-Testing; Rapid Diagnostic Test (RDT); Social Determinants of Health; Digital Health Applications; Point-of-Care (POC) Testing","Longitudinal Cohort","Molecular Nucleic Acid or PCR Testing Device; Survey; Interview or Focus Group; Antigen Testing Device","NIEHS","RADx-UP","Yes"
"Keeping Rural Minority 'Essential' Workplaces Open Safely During the COVID-19 Pandemic: The Role of Frequent Point-of-Care Molecular Workplace Surveillance for Miners (The Miners' Pandemic Project)","phs002648","Adults; Rural Communities; Essential Workers; Racial or Ethnic Minorities; Older Adults or Elderly","227","Rapid Diagnostic Test (RDT); Point-of-Care (POC) Testing","Longitudinal Cohort","Survey; Molecular Nucleic Acid or PCR Testing Device; Interview or Focus Group; Antigen Testing Device","NIGMS","RADx-UP","Yes"
"LITE CONNECT: Addressing Testing Gaps and Epidemiologic Disparities of COVID-19 Among Transgender People in the United States","phs002658","Adults; Older Adults or Elderly; People Living with HIV/AIDS; Sexual or Gender Minorities","2000","Community Outreach Programs; At-Home or Over-the-Counter (OTC) Self-Testing","Longitudinal Cohort","Survey","NIAID","RADx-UP","Yes"
"Large Scale Flu Surveillance Study (LSFS)","phs002539","Adults","68804","Influenza; Digital Health Applications; Biosensor Technologies","Longitudinal Cohort","Survey","NCI","RADx DHT","No"
"Leveraging Social Networks to Increase COVID-19 Testing Uptake: A Comparison of Credible Messenger and Chain Referral Recruitment Approaches","phs002799","Homeless or Unhoused Populations; Older Adults or Elderly; Adults; Hispanics or Latinos; African Americans; Underserved or Vulnerable Populations; Incarcerated or Institutionalized Populations; Lower Socioeconomic Status (SES) Populations","500","Comorbidities; Community Outreach Programs; Rapid Diagnostic Test (RDT); Substance Use; Social Determinants of Health; Testing Rate or Uptake","Longitudinal Cohort","Survey; Molecular Nucleic Acid or PCR Testing Device; Interview or Focus Group; Antigen Testing Device","NIDA","RADx-UP","Yes"
"Localized Mobile Health Approach to Boosting COVID-19 Testing and Vaccine Literacy, Access, and Uptake Among Women with Criminal Legal System Involvement","phs003082","Lower Socioeconomic Status (SES) Populations; Adults; Racial or Ethnic Minorities; Incarcerated or Institutionalized Populations; Older Adults or Elderly; Underserved or Vulnerable Populations","508","Testing Rate or Uptake; Social Determinants of Health; Digital Health Applications; Virological Testing; Vaccination Rate or Uptake","Longitudinal Cohort","Interview or Focus Group; Survey","NIMHD","RADx-UP","Yes"
"Longitudinal at Home Smell Testing to Detect Infection by SARS-CoV-2","phs002964","Adults; Essential Workers; Older Adults or Elderly","6000","Digital Health Applications; At-Home or Over-the-Counter (OTC) Self-Testing; Diagnostic Testing; Influenza","Longitudinal Cohort","Chemosensory Testing Device","NIDCD","RADx-rad","No"
"Lupus Education Alliance Program (LEAP)","phs002786","Adults; African Americans; Older Adults or Elderly; Underserved or Vulnerable Populations","1235","Vaccination Rate or Uptake; Comorbidities","Case-Control","Survey","NIAMS","RADx-UP","Yes"
"MOF-SCENT: Metal-Organic Frameworks for Screening COVID-19 by Electronic-Nose Technology to Improve Selectivity and Time Response","phs002522","Adults","20","Medical Device or Tool Development; Virological Testing; At-Home or Over-the-Counter (OTC) Self-Testing; Novel Biosensing or VOC; Point-of-Care (POC) Testing","Device Validation","Unspecified COVID Testing Device","NHLBI","RADx-rad","No"
"Marshallese: Alternate Surveillance for COVID-19 in a Unique Population","phs002551","Native Hawaiians or Other Pacific Islanders; Underserved or Vulnerable Populations; Adults","600","Multimodal Surveillance; Virological Testing; Disease Surveillance","Longitudinal Cohort","Smartphone; Survey","NIMHD","RADx-rad","Yes"
"Maximizing Child Health and Learning Potential: Promoting A School Culture of Safety in the Era of COVID-19: Feasibility of Strategic COVID-19 Testing Protocols in At-Risk Urban Schools","phs003037","African Americans; Hispanics or Latinos; Underserved or Vulnerable Populations; Lower Socioeconomic Status (SES) Populations; School Communities; Children; Adults; Older Adults or Elderly","1004","COVID in School Settings; Virological Testing","Longitudinal Cohort","Survey","NICHD","RADx-UP","Yes"
"Microfluidic Isolation and Characterization of SARS-CoV-2 and Virus Related Exosomes","phs002778","N/A","200","Virological Testing; Medical Device or Tool Development","Case-Control","Molecular Nucleic Acid or PCR Testing Device","NCATS","RADx-rad","No"
"Minimal False-Alarm Touch-Based Detection of SARS-CoV-2 Virus Particles Using Poly-Aptamers","phs002543","Adults","2","Digital Health Applications; Biosensor Technologies","Device Validation","Unspecified COVID Testing Device","NIAAA","RADx-rad","No"
"Mobile Health-Targeted SARS-CoV-2 Testing and Community Interventions to Maximize Migrant Children's School Attendance During the COVID-19 Pandemic","phs003128","Older Adults or Elderly; Lower Socioeconomic Status (SES) Populations; Racial or Ethnic Minorities; School Communities; Immigrants; Adults; Underserved or Vulnerable Populations; Children","800","Community Outreach Programs; At-Home or Over-the-Counter (OTC) Self-Testing; Social Determinants of Health; Rapid Diagnostic Test (RDT); Digital Health Applications","Longitudinal Cohort","Antigen Testing Device; Interview or Focus Group; Survey","NICHD","RADx-UP","Yes"
"Motivational Enhancement to Augment Contingency Management for SARS-CoV-2 Testing and Vaccination Utilization Among Syringe Exchange Clients","phs002948","Adults; Homeless or Unhoused Populations; Lower Socioeconomic Status (SES) Populations; Older Adults or Elderly; Underserved or Vulnerable Populations","7000","Social Determinants of Health; Testing Rate or Uptake; Diagnostic Testing; Vaccination Rate or Uptake; Substance Use; Community Outreach Programs","Case-Control","Survey; Interview or Focus Group","NIDA","RADx-UP","Yes"
"Multi-Modal Wireless COVID Monitoring and Infection Alerts for Concentrated Populations","phs002523","Lower Socioeconomic Status (SES) Populations; Intellectual or Developmental Disabilities; Incarcerated or Institutionalized Populations; Dialysis Patients; Older Adults or Elderly; Underserved or Vulnerable Populations; School Communities","3700","Multimodal Surveillance; Digital Health Applications; Biosensor Technologies; Disease Surveillance","Longitudinal Cohort","Wearable","NINR","RADx-rad","No"
"Multiparametric Integrated Molecular Detection of SARS-CoV-2 from Biofluids by Adapting Single Extracellular Vesicle Characterization Technologies","phs002709","Adults; Older Adults or Elderly","100","Medical Device or Tool Development","Device Validation","Molecular Nucleic Acid or PCR Testing Device","NCATS","RADx-rad","No"
"NIEHS Diagnostic-Prognostic RNAseq","phs002782","Adults","200","Medical Device or Tool Development; Virological Testing; Next Generation Sequencing (NGS)","Longitudinal Cohort","Biobank Samples","NIEHS","RADx-rad","No"
"NIH Digital Health Solutions for COVID-19: Clear2Go - A Digital Identity Wallet for Health Status","phs002628","N/A","1000","Digital Health Applications","Interventional or Clinical Trial","Smartphone","NCI","RADx DHT","No"
"NIH Digital Health Solutions for COVID-19: IBM COVID-19 Contact Tracing and Data Exchange Tools","phs002516","Adults","300","Digital Health Applications","Longitudinal Cohort","Contact Tracing; Smartphone; Survey","NCI","RADx DHT","No"
"NIH Digital Health Solutions for COVID-19: SAFER-COVID - Integration of Testing and Digital Health","phs002540","Adults","500000","At-Home or Over-the-Counter (OTC) Self-Testing; Digital Health Applications","Longitudinal Cohort","Survey; Wearable","NIBIB","RADx DHT","No"
"NIH Digital Health Solutions for COVID-19: Team SAE","phs002534","Underserved or Vulnerable Populations","300","Virological Testing; Digital Health Applications; Serological or Antibody Testing; Biosensor Technologies","Longitudinal Cohort","Smartphone","NCI","RADx DHT","No"
"NJ HEROES TOO: New Jersey Healthcare Essential Worker Outreach and Education Study Testing Overlooked Occupations","phs002567","Children; Adults; Racial or Ethnic Minorities; African Americans; Hispanics or Latinos; Lower Socioeconomic Status (SES) Populations; Essential Workers","2000","At-Home or Over-the-Counter (OTC) Self-Testing; Community Outreach Programs; Social Determinants of Health; Pandemic Perceptions or Decision-Making; Testing Rate or Uptake","Longitudinal Cohort","Survey; Antigen Testing Device; Molecular Nucleic Acid or PCR Testing Device","NCATS","RADx-UP","Yes"
"Nanobody-Based Electrochemical Biosensor for Real-Time Detection of Aerosolized SARS-CoV2","phs002700","N/A","24","Novel Biosensing or VOC; Biosensor Technologies; Medical Device or Tool Development","Device Verification","Breath Analysis or Airborne Detection Device","NIAAA","RADx-rad","No"
"Obesity Health Disparities Research Center (OHDRC) COVID-19 Testing Model Among Vulnerable Populations From Community Engagement to Follow-Up","phs002868","African Americans; Older Adults or Elderly; Adults; Underserved or Vulnerable Populations; Hispanics or Latinos","1400","Testing Rate or Uptake; Social Determinants of Health; Point-of-Care (POC) Testing; Mobile Unit Testing; Community Outreach Programs; Comorbidities","Longitudinal Cohort","Survey","NIMHD","RADx-UP","Yes"
"Organizations to Reduce, Advance, and Lead for Equity (ORALE) Against COVID-19","phs002791","Adults; Lower Socioeconomic Status (SES) Populations; Hispanics or Latinos; Essential Workers; Children; Older Adults or Elderly","22000","Comorbidities; Mobile Unit Testing; Community Outreach Programs; Testing Rate or Uptake","Longitudinal Cohort","Survey","NIEHS","RADx-UP","Yes"
"Personalized Analytics and Wearable Biosensor Platform for Early Detection of COVID-19 Decompensation (DECODE)","phs002535","Older Adults or Elderly; Adults","1600","Biosensor Technologies; Digital Health Applications; Artificial Intelligence or Machine Learning","Longitudinal Cohort","Wearable; Smartphone","NCI","RADx DHT","No"
"Portable GC Detector for COVID Diagnostics","phs002600","Older Adults or Elderly; Adults","700","Novel Biosensing or VOC; Virological Testing","Device Validation","Breath Analysis or Airborne Detection Device","NCATS","RADx-rad","No"
"Project IMPROVE: Implementing Community-Engaged Intervention Research to Increase Rapid SARS-CoV-2 Self-Testing Among Diverse Underserved and Vulnerable Asian Americans","phs003507","Asians; Underserved or Vulnerable Populations; Essential Workers; Older Adults or Elderly; Lower Socioeconomic Status (SES) Populations; Racial or Ethnic Minorities; Adults; Children","1200","Rapid Diagnostic Test (RDT); Community Outreach Programs; Testing Rate or Uptake; At-Home or Over-the-Counter (OTC) Self-Testing; Social Determinants of Health; Vaccination Rate or Uptake","Longitudinal Cohort","Antigen Testing Device; Survey","NIMHD","RADx-UP","Yes"
"Puipuia le Ola: Increasing Reach and Uptake of COVID-19 Testing Among Pacific Islanders in Hawaii and Guam","phs002742","Adults; Native Hawaiians or Other Pacific Islanders","4800","Rapid Diagnostic Test (RDT); Community Outreach Programs; Virological Testing; Testing Rate or Uptake","Interventional or Clinical Trial","Survey; Antigen Testing Device","NIGMS","RADx-UP","Yes"
"RADx Tech COVID-19 Viral Dynamics/COVID Detect","phs003360","Older Adults or Elderly; Adults","300","Rapid Diagnostic Test (RDT)","Longitudinal Cohort","Survey; Antigen Testing Device; Molecular Nucleic Acid or PCR Testing Device; Smartphone","NIBIB","RADx Tech","Yes"
"RADx-UP Supplement-Vaccine Hesitancy and Uptake","phs003032","Hispanics or Latinos; Racial or Ethnic Minorities; Rural Communities; African Americans; Adults; Underserved or Vulnerable Populations","105","Virological Testing; Pandemic Perceptions or Decision-Making; Testing Rate or Uptake; Community Outreach Programs; Vaccination Rate or Uptake","Longitudinal Cohort","Survey; Interview or Focus Group","NIDDK","RADx-UP","Yes"
"REACH-OUT: Research, Engagement and Action on COVID-19 Health Outcomes via Testing","phs003030","Older Adults or Elderly; Racial or Ethnic Minorities; Hispanics or Latinos; Rural Communities; Underserved or Vulnerable Populations; Immigrants; Adults; African Americans","1200","Virological Testing; Community Outreach Programs; Social Determinants of Health; Testing Rate or Uptake","Longitudinal Cohort","Survey; Interview or Focus Group","NIMHD","RADx-UP","Yes"
"Randomized COVID-19 Testing in Vulnerable Communities and Risk Tool Creation (FightCOVIDMKE)","phs002644","Older Adults or Elderly; Lower Socioeconomic Status (SES) Populations; Racial or Ethnic Minorities","6000","Serological or Antibody Testing; Seroprevalence; Community Outreach Programs","Interventional or Clinical Trial","Survey","NCATS","RADx-UP","Yes"
"Rapid Acceleration of Acceptable COVID Testing and Care Options for NYC Public Housing Residents (RADx NYCHA)","phs002618","Adults; Hispanics or Latinos; African Americans; Lower Socioeconomic Status (SES) Populations","800","Mobile Unit Testing; Testing Rate or Uptake; At-Home or Over-the-Counter (OTC) Self-Testing; Community Outreach Programs; Vaccination Rate or Uptake; Virological Testing","Interventional or Clinical Trial","Survey","NCI","RADx-UP","Yes"
"Rapid Manufacturing Scale-up for Compact Point-of-Care EUA SARS-CoV-2 RT-PCR Test","phs002736","N/A","341","Medical Device or Tool Development; Point-of-Care (POC) Testing","Device Validation","Smartphone; Survey; Molecular Nucleic Acid or PCR Testing Device","NHLBI","RADx Tech","Yes"
"Rapid Olfactory Tools for Telemedicine-Friendly COVID-19 Screening and Survey","phs002631","Racial or Ethnic Minorities; Underserved or Vulnerable Populations; Adults; Older Adults or Elderly","2000","Medical Device or Tool Development; Rapid Diagnostic Test (RDT); Screening Testing","Cross-Sectional","Chemosensory Testing Device","NIDCD","RADx-rad","No"
"Rapid Optimization of COVID-19 Testing for People Affected by Diabetes","phs003373","Underserved or Vulnerable Populations; Lower Socioeconomic Status (SES) Populations; African Americans; Hispanics or Latinos; Rural Communities; Older Adults or Elderly; Adults; Children","10000","Vaccination Rate or Uptake; Testing Rate or Uptake; Comorbidities; Serological or Antibody Testing; Rapid Diagnostic Test (RDT); Community Outreach Programs","Longitudinal Cohort","Survey; Interview or Focus Group","NIDDK","RADx-UP","Yes"
"ReOpening Schools Safely and Educating Youth (ROSSEY)","phs003127","School Communities; Children; Hispanics or Latinos; Rural Communities; Adults; Older Adults or Elderly; Lower Socioeconomic Status (SES) Populations","900","Testing Rate or Uptake; Vaccination Rate or Uptake; Virological Testing; COVID in School Settings; Mental Health","Longitudinal Cohort","Survey","NICHD","RADx-UP","Yes"
"ReSET: Restarting Safe Education and Testing for Children with Medical Complexity","phs002904","Underserved or Vulnerable Populations; Children; Adults; School Communities; Intellectual or Developmental Disabilities","3000","Pandemic Perceptions or Decision-Making; Rapid Diagnostic Test (RDT); COVID in School Settings; At-Home or Over-the-Counter (OTC) Self-Testing; Diagnostic Testing","Longitudinal Cohort","Molecular Nucleic Acid or PCR Testing Device; Antigen Testing Device; Survey","NICHD","RADx-UP","Yes"
"Reaching Communities through the Design of Information Visualizations (ReDIVis) Toolbox for Return of COVID-19 Results (RCR)","phs002568","Underserved or Vulnerable Populations; Hispanics or Latinos; Adults","1000","Health Behaviors; Serological or Antibody Testing; Virological Testing","Mixed Methods","Survey; Interview or Focus Group; Molecular Nucleic Acid or PCR Testing Device","NINR","RADx-UP","Yes"
"Reducing Ethical and Social Prejudicial Effects of COVID-19 Testing in Underserved Populations (RESPECT-UP)","phs002917","African Americans; Older Adults or Elderly; Adults; Racial or Ethnic Minorities; Rural Communities; Underserved or Vulnerable Populations","300","Social Determinants of Health; Point-of-Care (POC) Testing; Community Outreach Programs; Testing Rate or Uptake","Longitudinal Cohort","Survey","NIMHD","RADx-UP","Yes"
"Rolosense: An Innovative Platform for Automatic Mobile Phone Readout of Active SARS-CoV-2","phs002744","N/A","0","Digital Health Applications; Virological Testing","Device Validation","Smartphone","NIAAA","RADx-rad","No"
"SARS-CoV-2 Screening and Diagnostic Testing for Return to K-12 Schools","phs002870","Children; School Communities; Adults; Older Adults or Elderly; African Americans; Hispanics or Latinos","1000","Testing Rate or Uptake; COVID in School Settings; Disease Surveillance; Rapid Diagnostic Test (RDT)","Longitudinal Cohort","Survey","NICHD","RADx-UP","Yes"
"SARS-CoV-2 Screening in Dialysis Facilities: Building an Optimal Strategy to Protect a High Risk Population","phs003083","Adults; Lower Socioeconomic Status (SES) Populations; Dialysis Patients; Racial or Ethnic Minorities; Older Adults or Elderly; Underserved or Vulnerable Populations","2480","Social Determinants of Health; Testing Rate or Uptake; Screening Testing","Longitudinal Cohort","Survey; Molecular Nucleic Acid or PCR Testing Device","NIAID","RADx-UP","Yes"
"SCALE UP COUNTS: A Health Information Technology Approach to Increasing COVID-19 Testing in Elementary and Middle Schools and Serving Disadvantaged Communities","phs002825","Hispanics or Latinos; Racial or Ethnic Minorities; Older Adults or Elderly; Lower Socioeconomic Status (SES) Populations; Underserved or Vulnerable Populations; School Communities; Children; Adults","5600","At-Home or Over-the-Counter (OTC) Self-Testing; Social Determinants of Health; COVID in School Settings; Diagnostic Testing; COVID Hotspots","Interventional or Clinical Trial","Survey; Antigen Testing Device","NICHD","RADx-UP","Yes"
"SCALE UP Utah II: Community-Academic Partnership to Address COVID-19 Testing and Vaccination Among Utah Community Health Centers","phs003368","Underserved or Vulnerable Populations; Older Adults or Elderly; Lower Socioeconomic Status (SES) Populations; Rural Communities; Racial or Ethnic Minorities; Adults; Children","40000","Vaccination Rate or Uptake; Testing Rate or Uptake; Virological Testing; Community Outreach Programs","Observational","Survey","NIMHD","RADx-UP","Yes"
"SCALE UP Utah: A Community-Academic Partnership to Address COVID-19 Among Utah Community Health Centers","phs002575","Hispanics or Latinos; Racial or Ethnic Minorities; Lower Socioeconomic Status (SES) Populations; Rural Communities; Native Hawaiians or Other Pacific Islanders; African Americans; Adults","83000","Testing Rate or Uptake; Screening Testing; Community Outreach Programs; Social Determinants of Health","Interventional or Clinical Trial","Survey","NCATS","RADx-UP","Yes"
"SCENTinel: A Rapid Smell Test for COVID-19 Surveillance","phs002699","N/A","16360","Medical Device or Tool Development","Case-Control","Chemosensory Testing Device","NIDCD","RADx-rad","No"
"SF-RAD: Development and Proof-of-Concept Implementation of the South Florida Miami RADx-rad SARS-CoV-2 Wastewater-Based Surveillance Infrastructure","phs002525","Adults","30000","Community Outreach Programs; Wastewater Surveillance","Longitudinal Cohort","Wastewater Sampling","NIDA","RADx-rad","Yes"
"Safer at School Early Alert Project HUB","phs003031","Adults; Children; School Communities; Hispanics or Latinos; Children","1800","Testing Rate or Uptake; COVID in School Settings; Wastewater Surveillance; Virological Testing","Longitudinal Cohort","Survey; Interview or Focus Group","NICHD","RADx-UP","Yes"
"Safety, Testing/Transmission, and Outcomes in Pregnancies with COVID-19 (STOP COVID-19)","phs002905","Adults; Pregnant or Nursing Women","420","Serological or Antibody Testing; Mental Health; Testing Rate or Uptake; Health Behaviors; Pandemic Perceptions or Decision-Making","Longitudinal Cohort","Interview or Focus Group; Survey","NICHD","RADx-UP","Yes"
"Scaling Up SARS-CoV-2 Testing to Serve Latinx Communities","phs002584","Older Adults or Elderly; Underserved or Vulnerable Populations; Racial or Ethnic Minorities; Adults; Children; Hispanics or Latinos","11200","Virological Testing; Community Outreach Programs; Health Behaviors; Testing Rate or Uptake","Longitudinal Cohort","Survey; Interview or Focus Group","NIDA","RADx-UP","Yes"
"Self-Testing for Our Protection from COVID-19 (STOP COVID-19) Study","phs003238","Adults; Older Adults or Elderly","3864","Health Behaviors; At-Home or Over-the-Counter (OTC) Self-Testing; Biosensor Technologies; Rapid Diagnostic Test (RDT)","Longitudinal Cohort","Molecular Nucleic Acid or PCR Testing Device; Antigen Testing Device; Wearable; Survey","NIBIB","RADx Tech","Yes"
"Severity Predictors Using Immunology and Transcriptomics in Saliva Using Multi Neural Network Intelligence in SARS-CoV2 Infection in Children (SPITS MISC)","phs002549","Children","400","Multisystem Inflammatory Syndrome (MIS); Artificial Intelligence or Machine Learning; Multisystem Inflammatory Syndrome in Children (MIS-C); Medical Device or Tool Development; Rapid Diagnostic Test (RDT); Social Determinants of Health","Longitudinal Cohort","Molecular Nucleic Acid or PCR Testing Device","NICHD","RADx-rad","No"
"Sin Duda: A Community-Driven Approach to Expand Reach, Access and Uptake of COVID-19 Home-Based Tests for At-Risk Latinos","phs003364","Hispanics or Latinos; Underserved or Vulnerable Populations; Lower Socioeconomic Status (SES) Populations; Adults; Older Adults or Elderly; Racial or Ethnic Minorities","1500","At-Home or Over-the-Counter (OTC) Self-Testing; Testing Rate or Uptake; Vaccination Rate or Uptake; Virological Testing; Community Outreach Programs","Longitudinal Cohort","Survey; Antigen Testing Device","NIMHD","RADx-UP","Yes"
"Social and Behavioral Implications for COVID-19 Testing in Delaware's Underserved Communities","phs003033","Lower Socioeconomic Status (SES) Populations; Older Adults or Elderly; Adults; Hispanics or Latinos; African Americans; Underserved or Vulnerable Populations; Racial or Ethnic Minorities","1200","Pandemic Perceptions or Decision-Making; Community Outreach Programs; Serological or Antibody Testing; Virological Testing; Vaccination Rate or Uptake; Social Determinants of Health; Testing Rate or Uptake; Seroprevalence","Longitudinal Cohort","Survey","NIGMS","RADx-UP","Yes"
"Social, Behavioral, and Ethical Implications of COVID-19","phs003365","Adults; Lower Socioeconomic Status (SES) Populations; African Americans; Racial or Ethnic Minorities; Underserved or Vulnerable Populations; Older Adults or Elderly","500","Community Outreach Programs; Pandemic Perceptions or Decision-Making","Case-Control","Survey","NIMHD","RADx-UP","Yes"
"Social, Ethical, and Behavioral Factors in the Return to School Among Underserved Communities in Maryland","phs003056","Adults; Children; School Communities; Older Adults or Elderly","2400","Pandemic Perceptions or Decision-Making; COVID in School Settings; Social Determinants of Health","Longitudinal Cohort","Survey","NICHD","RADx-UP","Yes"
"Social, Ethical, and Behavioral Implications Research on COVID-19: Testing and Vaccine Uptake Among Rural Latino Migrants in Southwest Florida","phs002777","Older Adults or Elderly; Rural Communities; Hispanics or Latinos; Adults","500","Testing Rate or Uptake; Vaccination Rate or Uptake; Social Determinants of Health","Cross-Sectional","Survey; Interview or Focus Group","NCCIH","RADx-UP","Yes"
"Southeast Asians in the US: Health Equity and Research to Understand COVID-19 Stories (SEA US, HEAR US)","phs003029","Racial or Ethnic Minorities; Older Adults or Elderly; Asians; Adults","1090","Pandemic Perceptions or Decision-Making; Social Determinants of Health; Testing Rate or Uptake; Virological Testing; Mental Health; Vaccination Rate or Uptake","Longitudinal Cohort","Interview or Focus Group; Survey","NIMHD","RADx-UP","No"
"Support for Safe Return to In-Person School: COVID-19 Testing, Learning, and Consultation","phs002740","Children; Older Adults or Elderly; Adults; Lower Socioeconomic Status (SES) Populations; Underserved or Vulnerable Populations; School Communities","750","Virological Testing; Testing Rate or Uptake; COVID in School Settings","Longitudinal Cohort","Interview or Focus Group; Survey","NICHD","RADx-UP","Yes"
"Supported Employment to Create a Community Culture of Rapid Testing Among People Who Inject Drugs: PeerConnect2Test","phs003362","Adults; People Living with HIV/AIDS; Underserved or Vulnerable Populations; Older Adults or Elderly; Lower Socioeconomic Status (SES) Populations","390","Rapid Diagnostic Test (RDT); Social Determinants of Health; Substance Use; Testing Rate or Uptake; Health Behaviors; Pandemic Perceptions or Decision-Making","Cross-Sectional","Survey; Molecular Nucleic Acid or PCR Testing Device; Antigen Testing Device","NIDA","RADx-UP","Yes"
"Supporting COVID-19 Prevention and Testing for Marginalized and Minoritized Youth and Young Adults","phs002647","Racial or Ethnic Minorities; Sexual or Gender Minorities; Children; Adults","1250","Community Outreach Programs; Testing Rate or Uptake; Health Behaviors","Mixed Methods","Survey","NIAAA","RADx-UP","Yes"
"Supporting the Health and Well-Being of Children with Intellectual and Developmental Disability During COVID-19 Pandemic","phs003359","Asians; Intellectual or Developmental Disabilities; Children; African Americans; Racial or Ethnic Minorities; Underserved or Vulnerable Populations; Older Adults or Elderly; Adults; Hispanics or Latinos; School Communities","6200","COVID in School Settings; Social Determinants of Health; Medical Device or Tool Development; Rapid Diagnostic Test (RDT)","Longitudinal Cohort","Survey","NICHD","RADx-UP","Yes"
"Supporting the Health and Well-Being of Children with Intellectual and Developmental Disability During the COVID-19 Pandemic","phs002947","School Communities; Older Adults or Elderly; Underserved or Vulnerable Populations; African Americans; Intellectual or Developmental Disabilities; Children; Adults","350","Diagnostic Testing; Medical Device or Tool Development; Rapid Diagnostic Test (RDT); Testing Rate or Uptake; COVID in School Settings; Pandemic Perceptions or Decision-Making","Longitudinal Cohort","Molecular Nucleic Acid or PCR Testing Device; Interview or Focus Group; Survey","NICHD","RADx-UP","Yes"
"Test Us At Home","phs003237","Children; Older Adults or Elderly; Adults","7361","At-Home or Over-the-Counter (OTC) Self-Testing; Rapid Diagnostic Test (RDT)","Longitudinal Cohort","Survey; Antigen Testing Device; Molecular Nucleic Acid or PCR Testing Device","NIBIB","RADx Tech","Yes"
"Test Us At Home Daily","phs003239","Adults; Older Adults or Elderly; Children","619","Rapid Diagnostic Test (RDT)","Longitudinal Cohort","Survey; Antigen Testing Device; Molecular Nucleic Acid or PCR Testing Device","NIBIB","RADx Tech","Yes"
"Test Us Bank Study","phs003027","Adults; Older Adults or Elderly; Children","1721","Virological Testing","Open Cohort","Smartphone; Survey","NHLBI","RADx Tech","Yes"
"Testing for COVID-19 in High Risk Children with Intellectual and Developmental Disabilities (COV-IDD)","phs002800","Lower Socioeconomic Status (SES) Populations; Children; Intellectual or Developmental Disabilities; Underserved or Vulnerable Populations; Adults; Racial or Ethnic Minorities; Older Adults or Elderly; School Communities","450","Vaccination Rate or Uptake; Diagnostic Testing; Testing Rate or Uptake; COVID in School Settings; Virological Testing; Pandemic Perceptions or Decision-Making; Serological or Antibody Testing; Mobile Unit Testing","Longitudinal Cohort","Survey; Molecular Nucleic Acid or PCR Testing Device; Antibody or Adaptive Immune Response Testing; Interview or Focus Group","NICHD","RADx-UP","Yes"
"The Puerto Rico Community Action Research and Engagement (PR-CARE) to Eliminate Disparities of COVID-19 Among Rural Underserved and Vulnerable Populations","phs003504","Lower Socioeconomic Status (SES) Populations; Older Adults or Elderly; Sexual or Gender Minorities; Homeless or Unhoused Populations; Rural Communities","900","Community Outreach Programs; Social Determinants of Health; Vaccination Rate or Uptake; Virological Testing; Testing Rate or Uptake","Longitudinal Cohort","Interview or Focus Group; Survey","NIMHD","RADx-UP","Yes"
"Touchscreen-Compatible, Real-Time Electrochemical Sensing of SARS-CoV-2","phs002565","N/A","0","Virological Testing; Medical Device or Tool Development","Device Validation","Molecular Nucleic Acid or PCR Testing Device","NIAAA","RADx-rad","No"
"Tracking the COVID-19 Epidemic in Sewage (TRACES)","phs002604","N/A","100","Wastewater Surveillance; Variants","Longitudinal Cohort","Wastewater Sampling; Unspecified COVID Testing Device","NIDA","RADx-rad","No"
"Transforming Community Engagement to Increase SARS-CoV-2 Testing in Underserved Populations in Baton Rouge (TEST UP-BR)","phs002633","Adults; Lower Socioeconomic Status (SES) Populations; Older Adults or Elderly; African Americans","2000","Community Outreach Programs; Testing Rate or Uptake; COVID in School Settings","Longitudinal Cohort","Survey; Interview or Focus Group; Molecular Nucleic Acid or PCR Testing Device","NIGMS","RADx-UP","Yes"
"Ultra-Sensitive Immunoassay Test for Quantitation of SARS-CoV-2 Antigen","phs002738","Older Adults or Elderly; Children; Adults","187","Diagnostic Testing; Virological Testing; Medical Device or Tool Development","Device Verification","Survey; Smartphone; Antigen Testing Device","NHLBI","RADx Tech","Yes"
"Understanding Factors Influencing COVID-19 Testing and Vaccination in Immigrant Low-Income and Homeless Populations and Testing Targeted Interventions","phs002707","Immigrants; Lower Socioeconomic Status (SES) Populations; Older Adults or Elderly; Adults; Homeless or Unhoused Populations","2025","Community Outreach Programs; Vaccination Rate or Uptake; Pandemic Perceptions or Decision-Making; Testing Rate or Uptake; Rapid Diagnostic Test (RDT)","Cross-Sectional","Survey","NIGMS","RADx-UP","Yes"
"Understanding the COVID-19, Racism, and Violence Syndemic and Its Effects on COVID-19 Testing Disparities","phs002582","Lower Socioeconomic Status (SES) Populations; African Americans; Underserved or Vulnerable Populations; Older Adults or Elderly; Adults; Racial or Ethnic Minorities","500","Testing Rate or Uptake; Social Determinants of Health; Pandemic Perceptions or Decision-Making","Mixed Methods","Interview or Focus Group; Survey","NIMH","RADx-UP","Yes"
"Use of Behavioral Economics in Repeat SARS-CoV-2 Antibody Testing in Disadvantaged Communities","phs002704","Children; Underserved or Vulnerable Populations; Older Adults or Elderly; Adults","2000","Social Determinants of Health","Longitudinal Cohort","Survey; Antibody or Adaptive Immune Response Testing","NIA","RADx-UP","Yes"
"Using Health Communication to Increase COVID-19 Testing and Vaccination in Underserved Populations","phs002713","Lower Socioeconomic Status (SES) Populations; Racial or Ethnic Minorities; Underserved or Vulnerable Populations; Older Adults or Elderly; Adults","150","Pandemic Perceptions or Decision-Making; Health Behaviors; Testing Rate or Uptake; Social Determinants of Health; Substance Use","Longitudinal Cohort","Survey; Interview or Focus Group","NCI","RADx-UP","Yes"
"Using the Multiphase Optimization Strategy (MOST) to Optimize an Intervention to Increase COVID-19 Testing for Black and Latino/Hispanic Frontline Essential Workers","phs003051","Older Adults or Elderly; Underserved or Vulnerable Populations; African Americans; Lower Socioeconomic Status (SES) Populations; Essential Workers; Hispanics or Latinos; Adults","448","Community Outreach Programs; Pandemic Perceptions or Decision-Making; Social Determinants of Health; Health Behaviors; Testing Rate or Uptake; Virological Testing","Interventional or Clinical Trial","Survey","NIMHD","RADx-UP","Yes"
"Validation of Smart Masks for Surveillance of COVID-19","phs002524","Adults; Underserved or Vulnerable Populations","800","Disease Surveillance; Virological Testing; Medical Device or Tool Development; Multimodal Surveillance","Longitudinal Cohort","Wearable","NIDCR","RADx-rad","Yes"
"Virus Counter: Rapid and Sensitive Diagnostics Based on Digital Detection of Individual Pathogens","phs002602","Adults","50","Medical Device or Tool Development; Virological Testing; Point-of-Care (POC) Testing; Novel Biosensing or VOC","Device Verification","Unspecified COVID Testing Device","NHLBI","RADx-rad","No"
"Wastewater Assessment for Coronavirus in Kentucky: Implementing Enhanced Surveillance Technology","phs002542","N/A","24","Next Generation Sequencing (NGS); Wastewater Surveillance","Device Validation","Interview or Focus Group; Molecular Nucleic Acid or PCR Testing Device; Wastewater Sampling","NIDA","RADx-rad","No"
"Wastewater Detection of COVID-19","phs002679","N/A","108","Variants; Wastewater Surveillance","Longitudinal Cohort","Wastewater Sampling","NIDA","RADx-rad","No"
"You & Me: Test and Treat","phs003366","Children; Older Adults or Elderly; Underserved or Vulnerable Populations; Adults","20000","Rapid Diagnostic Test (RDT); Testing Rate or Uptake; At-Home or Over-the-Counter (OTC) Self-Testing; Community Outreach Programs","Longitudinal Cohort","Survey; Antigen Testing Device","NIMHD","RADx-UP","No"
"RALE COVID-19! Vaccination: An Initiative to Increase COVID-19 Vaccination in Yolo, Madera, Fresno, Stanislaus Counties in California","phs003371","Adults; Hispanics or Latinos; Racial or Ethnic Minorities; Lower Socioeconomic Status (SES) Populations; Older Adults or Elderly","300","Testing Rate or Uptake; Virological Testing; Pandemic Perceptions or Decision-Making; Community Outreach Programs; Vaccination Rate or Uptake; Social Determinants of Health","Interventional or Clinical Trial","Survey","NIEHS","RADx-UP","Yes"
